{"stat.useItem.minecraft.bow":7,"stat.useItem.gregtech.sapling":1,"stat.pickup.primal.salt_dust_netjry":51,"stat.leaveGame":6,"stat.killEntity.invasion_cyberman":4,"stat.mineBlock.minecraft.stained_glass":44,"stat.entityKilledBy.techguns.ZombieFarmer":4,"djinn.learn":2,"stat.mineBlock.techguns.ladder0":8,"stat.pickup.minecraft.rotten_flesh":20,"stat.pickup.minecraft.brick_block":130,"stat.mineBlock.gregtech.log":65,"stat.killEntity.scp.with_many_voices":9,"stat.drop.gregtech.ore_aluminium_0":3,"stat.mineBlock.scp.reinforced_iron":18,"stat.drop.scp.foundationexteriortop":45,"stat.pickup.minecraft.cobblestone_wall":75,"stat.killEntity.Enderman":3,"stat.mineBlock.techguns.concrete":124,"stat.pickup.lycanitesmobs.throwingscythecharge":6,"stat.craftItem.minecraft.iron_shovel":1,"herma.learn":1,"stat.pickup.gregtech.ore_phosphor_0":1,"stat.mineBlock.scp.ventilation":4,"stat.useItem.minecraft.iron_pickaxe":307,"stat.craftItem.thermalfoundation.tool.hammer_copper":1,"stat.pickup.minecraft.stained_hardened_clay":53,"stat.useItem.minecraft.iron_shovel":251,"stat.mineBlock.minecraft.brick_block":69,"stat.pickup.gregtech.ore_bauxite_0":3,"stat.pickup.lycanitesmobs.raw_joust_meat":29,"stat.pickup.gregtech.meta_tool":4,"stat.craftItem.minecraft.bed":1,"stat.craftItem.minecraft.glass_pane":16,"stat.useItem.primal.animal_fat":1,"stat.pickup.thermalfoundation.material":7,"stat.pickup.techguns.basicore":14,"stat.furnaceInteraction":140,"stat.pickup.gregtech.ore_magnetite_0":7,"stat.drop.openblocks.info_book":1,"stat.mineBlock.gregtech.leaves":54,"stat.useItem.scp.reinforced_iron":2,"xaphan.kill":4,"stat.mineBlock.techguns.metalpanel":115,"stat.pickup.gregtech.granite":120,"stat.pickup.gregtech.ore_tetrahedrite_0":1,"stat.useItem.primal.cauldron_ladle_bone":3,"stat.craftItem.primal.flint_workblade":1,"stat.craftItem.primal.iron_clippers":1,"stat.mineBlock.scp.chamber_block":5,"lobber.learn":1,"stat.pickup.lycanitesmobs.spectralboltcharge":2,"stat.pickup.techguns.ladder0":8,"stat.mineBlock.minecraft.stained_hardened_clay":60,"stat.mineBlock.gregtech.granite":127,"stat.pickup.gregtech.ore_copper_0":1,"stat.pickup.mca.rose_gold_ore":25,"stat.useItem.minecraft.dark_oak_door":1,"stat.mineBlock.scp.card_reader":1,"stat.useItem.minecraft.flint_and_steel":23,"stat.mineBlock.minecraft.fence":2,"stat.pickup.ic2.misc_resource":3,"stat.killEntity.Husk":1,"stat.pickup.lycanitesmobs.djinncloud":1,"stat.pickup.minecraft.lever":2,"stat.deaths":45,"stat.drop.techguns.concrete":40,"clink.learn":1,"stat.pickup.techguns.t1_miner_helmet":1,"stat.useItem.gregtech.cable":1,"stat.craftItem.minecraft.iron_pickaxe":1,"stat.pickup.techguns.camonet_top":1,"stat.pickup.minecraft.item_frame":4,"stat.pickup.minecraft.cooked_mutton":12,"stat.chestOpened":584,"stat.mineBlock.scp.foundationexteriormiddle":5,"stat.useItem.ic2.cable":2,"stat.useItem.minecraft.stone":4,"stat.useItem.gregtech.ore_lepidolite_0":1,"stat.pickup.minecraft.arrow":3,"stat.pickup.minecraft.wooden_pressure_plate":2,"stat.craftItem.primal.flint_axe":1,"stat.useItem.scp.steel":2,"stat.crouchOneCm":39470,"stat.craftItem.ic2.cable":9,"stat.mineBlock.minecraft.chest":2,"stat.mineBlock.gregtech.ore_apatite_0":2,"stat.pickup.minecraft.rail":4,"stat.craftItem.minecraft.iron_ingot":125,"stat.killEntity.techguns.ZombiePoliceman":9,"stat.mineBlock.minecraft.concrete_powder":7,"stat.mineBlock.minecraft.hardened_clay":26,"stat.craftingTableInteraction":63,"stat.mineBlock.gregtech.ore_copper_0":1,"stat.drop.minecraft.concrete_powder":44,"stat.useItem.primal.torch_wood":7,"stat.pickup.scp.foundationceiling":144,"stat.mineBlock.scp.copper_tube":1,"stat.mineBlock.biomesoplenty.mud":1,"stat.mineBlock.techguns.bunkerdoor":2,"stat.mineBlock.biomesoplenty.plant_1":3,"stat.mineBlock.biomesoplenty.plant_0":7,"stat.pickup.minecraft.dye":23,"stat.pickup.minecraft.planks":17,"stat.pickup.biomesoplenty.plant_1":3,"stat.pickup.minecraft.wheat_seeds":10,"stat.pickup.techguns.t1_miner_chestplate":1,"stat.pickup.geolosys.ingot":10,"stat.mineBlock.minecraft.glass":25,"stat.useItem.scp.sublevelwall":21,"djinn.kill":2,"stat.useItem.scp.foundationofficebottom":3,"stat.mineBlock.minecraft.dirt":56,"stat.pickup.primal.cauldron":1,"stat.pickup.primal.mud_clump":8,"stat.mineBlock.scp.foundationceiling":203,"stat.pickup.minecraft.brewing_stand":2,"stat.useItem.minecraft.bread":21,"stat.mineBlock.biomesoplenty.leaves_1":10,"stat.entityKilledBy.techguns.ZombiePoliceman":4,"stat.useItem.minecraft.cobblestone":28,"stat.mineBlock.gregtech.ore_bauxite_0":2,"stat.useItem.minecraft.gravel":1,"stat.pickup.scp.reinforced_iron":4,"stat.useItem.gregtech.log":5,"stat.craftItem.primal.cauldron_ladle_bone":1,"stat.useItem.techguns.item_bunkerdoor":1,"stat.pickup.lycanitesmobs.cooked_joust_meat":4,"stat.craftItem.ic2.plate":28,"stat.pickup.minecraft.apple":5,"stat.pickup.minecraft.banner":1,"stat.mineBlock.scp.steel":62,"stat.craftItem.minecraft.planks":164,"stat.pickup.minecraft.book":251,"stat.useItem.minecraft.stonebrick":1,"stat.mineBlock.minecraft.log":1,"stat.useItem.scp.foundationceiling":124,"stat.useItem.biomesoplenty.dirt":1,"stat.pickup.biomesoplenty.dirt":2,"stat.pickup.minecraft.red_nether_brick":9,"stat.pickup.minecraft.wool":53,"stat.pickup.ic2.ingot":11,"stat.mineBlock.scp.foundationmedicalmiddle":1,"stat.mineBlock.techguns.camonet_top":1,"stat.craftItem.primal.cauldron":1,"stat.mineBlock.minecraft.cobblestone":3,"stat.pickup.minecraft.stone_pickaxe":1,"stat.pickup.minecraft.flint":36,"stat.mineBlock.minecraft.concrete":152,"stat.mineBlock.minecraft.stained_glass_pane":42,"stat.craftItem.primal.flint_saw":1,"stat.useItem.minecraft.concrete_powder":156,"stat.drop.minecraft.cobblestone":64,"stat.pickup.minecraft.cooked_porkchop":5,"stat.killEntity.techguns.ZombieSoldier":2,"stat.pickup.scp.foundationofficebottom":6,"stat.pickup.scp.foundationwhitewall":28,"stat.useItem.minecraft.stone_slab2":139,"stat.pickup.minecraft.bow":2,"stat.pickup.thermalfoundation.ore":14,"stat.mineBlock.gregtech.ore_magnetite_0":7,"stat.mineBlock.techguns.simplemachine":1,"stat.pickup.primal.torch_wood":9,"cryptkeeper.kill":1,"stat.useItem.minecraft.brick_block":5,"stat.flyOneCm":1206877,"stat.mineBlock.gregtech.ore_phosphor_0":1,"stat.pickup.minecraft.fish":9,"stat.useItem.biomesoplenty.mudball":4,"stat.craftItem.minecraft.stained_glass":8,"stat.timeSinceDeath":11740,"stat.mineBlock.tardis.cinnabar_ore":3,"stat.useItem.lycanitesmobs.raw_arisaur_meat":3,"stat.craftItem.minecraft.iron_block":18,"stat.drop.techguns.item_bunkerdoor":1,"stat.pickup.ic2.cutter":1,"stat.craftItem.thermalfoundation.tool.shears_bronze":1,"geonach.learn":2,"stat.mineBlock.minecraft.enchanting_table":1,"stat.craftItem.minecraft.concrete_powder":152,"stat.drop.minecraft.wool":1,"stat.killEntity.Creeper":2,"stat.pickup.minecraft.string":5,"stat.pickup.techguns.t1_scout_helmet":1,"stat.entityKilledBy.Skeleton":8,"stat.pickup.lycanitesmobs.raw_arisaur_meat":3,"stat.craftItem.lycanitesmobs.cooked_joust_meat":20,"stat.sprintOneCm":160804,"stat.mineBlock.minecraft.stone_slab":35,"stat.mineBlock.biomesoplenty.grass":4,"stat.craftItem.gregtech.cable":8,"stat.mineBlock.scp.reinforcedwallc":2,"stat.mineBlock.gregtech.mineral":194,"stat.pickup.gregtech.concrete":51,"stat.drop.minecraft.cobblestone_wall":3,"joust.kill":20,"stat.useItem.minecraft.ladder":1,"stat.pickup.minecraft.iron_block":63,"stat.killEntity.Zombie":12,"stat.pickup.minecraft.snowball":9,"stat.craftItem.minecraft.dye":44,"stat.craftItem.techguns.metalpanel":64,"stat.diveOneCm":22704,"stat.pickup.minecraft.wheat":10,"stat.mineBlock.gregtech.metal_casing":27,"stat.craftItem.ic2.cutter":1,"clink.kill":1,"stat.useItem.scp.foundationwhitewall":26,"stat.pickup.minecraft.obsidian":2,"stat.useItem.minecraft.rotten_flesh":4,"stat.jump":5359,"stat.pickup.minecraft.coal":78,"stat.pickup.minecraft.iron_ingot":17,"stat.useItem.scp.chamber_block":4,"stat.pickup.minecraft.gunpowder":23,"stat.craftItem.minecraft.torch":10,"stat.pickup.minecraft.dirt":60,"stat.drop.scp.sublevelwall":1,"reaper.kill":1,"stat.pickup.primal.plant_fiber":27,"stat.mineBlock.minecraft.glass_pane":26,"stat.damageTaken":19055,"stat.pickup.gregtech.mineral":196,"stat.mineBlock.minecraft.torch":7,"stat.pickup.primal.flint_knapp":15,"stat.drop.scp.foundationofficetop":3,"xaphan.learn":2,"stat.pickup.techguns.concrete":164,"stat.cauldronUsed":1,"stat.pickup.minecraft.bed":2,"stat.pickup.techguns.metalpanel":115,"stat.pickup.minecraft.concrete":147,"stat.pickup.hardcorequesting.quest_book":1,"stat.pickup.minecraft.quartz_block":10,"stat.useItem.forge.bucketfilled":66,"stat.craftItem.primal.iron_pin":2,"stat.mineBlock.techguns.lamp0":5,"stat.pickup.scp.foundationwallc":1,"stat.entityKilledBy.Zombie":1,"stat.pickup.scp.foundationwallg":5,"cephignis.learn":1,"stat.useItem.gregtech.granite":18,"stat.pickup.scp.steel":54,"stat.drop.techguns.itemshared":8,"geonach.kill":11,"stat.pickup.scp.telekill_ore":7,"stat.pickup.techguns.itemshared":63,"stat.useItem.minecraft.chest":5,"stat.pickup.tardis.circuts":3,"stat.pickup.minecraft.diamond_pickaxe":1,"stat.useItem.minecraft.lava_bucket":12,"stat.pickup.techguns.thompson":1,"herma.kill":3,"stat.mineBlock.scp.foundationwallg":5,"stat.useItem.thermalfoundation.tool.hammer_copper":47,"stat.mineBlock.scp.foundationwallc":1,"stat.mineBlock.scp.telekill_ore":7,"stat.mineBlock.scp.foundationwalla":42,"stat.useItem.minecraft.stained_hardened_clay":10,"stat.pickup.minecraft.ender_pearl":1,"stat.pickup.minecraft.ladder":2,"stat.useItem.minecraft.concrete":87,"stat.craftItem.minecraft.stained_glass_pane":16,"stat.pickup.biomesoplenty.gem":7,"stat.craftItem.minecraft.bookshelf":16,"stat.craftItem.techguns.itemshared":96,"stat.mineBlock.minecraft.stonebrick":43,"stat.pickup.ic2.cable":2,"stat.mobKills":197,"stat.mineBlock.minecraft.bookshelf":41,"stat.pickup.primal.slag":4,"stat.killEntity.scp.scp966":8,"stat.craftItem.minecraft.lead":2,"stat.useItem.minecraft.cobblestone_wall":25,"eechetik.learn":1,"stat.mineBlock.gregtech.concrete":51,"stat.craftItem.thermalfoundation.tool.hammer_iron":1,"stat.drop.gregtech.mineral":1,"stat.craftItem.mca.wedding_ring_rg":1,"stat.craftItem.scp.nightvision_goggles":2,"stat.pickup.scp.foundationexteriormiddle":4,"stat.useItem.gregtech.mineral":17,"stat.useItem.minecraft.bookshelf":14,"stat.entityKilledBy.techguns.ZombieMiner":4,"stat.drop.techguns.pistol":1,"stat.useItem.minecraft.mutton":6,"stat.pickup.primal.flint_point":1,"stat.useItem.minecraft.planks":1,"stat.pickup.minecraft.glass":1,"stat.useItem.minecraft.water_bucket":96,"stat.pickup.minecraft.sand":157,"stat.pickup.minecraft.hardened_clay":26,"stat.entityKilledBy.Spider":2,"stat.pickup.techguns.item_bunkerdoor":7,"stat.useItem.minecraft.red_nether_brick":1,"stat.mineBlock.scp.sublevelwall":42,"stat.pickup.minecraft.wooden_hoe":1,"stat.mineBlock.minecraft.sand":119,"stat.pickup.techguns.ak47":1,"stat.craftItem.backpack.stick":6,"stat.killEntity.techguns.ZombieFarmer":15,"stat.craftItem.minecraft.cooked_fish":6,"stat.pickup.primal.quartz_knapp":4,"stat.pickup.gregtech.ore_spodumene_0":3,"stat.pickup.techguns.lamp0":16,"stat.mineBlock.scp.foundationwhitewall":42,"stat.craftItem.thermalfoundation.material":13,"stat.drop.gregtech.log":55,"stat.mineBlock.scp.ceiling_lamp":2,"stat.pickup.minecraft.furnace":3,"stat.useItem.minecraft.cooked_mutton":12,"joust.learn":2,"stat.drop.minecraft.stained_hardened_clay":2,"stat.useItem.thermalfoundation.tool.hammer_iron":69,"stat.pickup.techguns.t1_scout_chestplate":1,"stat.mineBlock.minecraft.redstone_lamp":3,"stat.mineBlock.primal.cauldron":1,"stat.craftItem.lycanitesmobs.boulderblastcharge":4,"stat.pickup.minecraft.skull":1,"stat.pickup.scp.sublevelwall":28,"stat.pickup.gregtech.meta_item_1":651,"stat.pickup.scp.data_bank":3,"stat.craftItem.primal.wood_pin":4,"stat.useItem.scp.foundationexteriortop":2,"stat.craftItem.gregtech.meta_item_1":58,"stat.craftItem.gregtech.meta_item_2":2,"stat.pickup.biomesoplenty.dried_sand":1,"stat.playOneMinute":629334,"stat.pickup.minecraft.blaze_rod":1,"stat.pickup.techguns.handcannon":1,"stat.pickup.minecraft.iron_bars":31,"stat.useItem.lycanitesmobs.raw_joust_meat":1,"stat.craftItem.primal.plant_cordage":9,"stat.useItem.minecraft.fish":5,"stat.craftItem.minecraft.carpet":3,"stat.mineBlock.toughasnails.campfire":1,"stat.craftItem.minecraft.iron_nugget":18,"stat.fallOneCm":152143,"stat.useItem.primal.flint_axe":260,"stat.craftItem.ic2.treetap":1,"stat.pickup.techguns.simplemachine":1,"stat.pickup.gregtech.machine":5,"stat.entityKilledBy.techguns.Bandit":1,"stat.craftItem.minecraft.chest":6,"stat.mineBlock.gregtech.machine":5,"stat.useItem.lycanitesmobs.cooked_joust_meat":23,"stat.mineBlock.primal.torch_wood":6,"stat.killEntity.techguns.Bandit":12,"stat.pickup.minecraft.feather":3,"stat.pickup.gregtech.ore_lepidolite_0":5,"stat.mineBlock.minecraft.red_nether_brick":9,"stat.killEntity.techguns.ZombieMiner":20,"stat.useItem.minecraft.furnace":2,"stat.craftItem.mca.rose_gold_ingot":22,"stat.drop.minecraft.concrete":6,"stat.drop.gregtech.meta_item_1":29,"stat.craftItem.techguns.simplemachine":1,"stat.useItem.techguns.concrete":141,"stat.pickup.scp.card_reader":1,"stat.mineBlock.minecraft.gravel":67,"stat.pickup.lycanitesmobs.geonachspear":1,"stat.pickup.tardis.cinnabar":3,"stat.useItem.minecraft.wool":9,"arisaur.kill":1,"stat.drop.minecraft.stick":4,"stat.useItem.minecraft.iron_bars":27,"stat.useItem.minecraft.torch":8,"stat.pickup.minecraft.iron_nugget":9,"joustalpha.kill":5,"stat.mineBlock.techguns.basicore":17,"stat.craftItem.minecraft.crafting_table":1,"cryptkeeper.learn":2,"salamander.learn":1,"stat.useItem.minecraft.cooked_fish":9,"stat.mineBlock.galacticraftcore.basic_block_core":87,"stat.drop.minecraft.stonebrick":21,"stat.pickup.primal.pelt_sheep":8,"stat.pickup.scp.chamber_block":5,"stat.craftItem.techguns.concrete":32,"stat.drop.minecraft.melon_seeds":5,"stat.mineBlock.minecraft.iron_block":63,"stat.pickup.gregtech.log":117,"joustalpha.learn":3,"stat.craftItem.scp.unusual_ingot":6,"stat.pickup.scp.ceiling_lamp":1,"stat.mineBlock.gregtech.ore_aluminium_0":3,"stat.pickup.primal.wood_pin":2,"stat.sneakTime":13848,"stat.mineBlock.minecraft.cobblestone_wall":61,"stat.useItem.minecraft.baked_potato":1,"stat.pickup.minecraft.stone_slab":37,"stat.pickup.primal.obsidian_knapp":5,"stat.pickup.minecraft.chest":2,"stat.pickup.minecraft.bone":17,"stat.mineBlock.scp.foundationmeshfloor":2,"stat.drop.techguns.t1_miner_helmet":1,"stat.pickup.gregtech.ore_aluminium_0":3,"stat.drop.minecraft.iron_nugget":13,"stat.mineBlock.scp.foundationexteriortop":19,"stat.useItem.scp.foundationofficetop":4,"stat.swimOneCm":31438,"stat.useItem.techguns.lamp0":6,"stat.climbOneCm":50491,"stat.pickup.gregtech.ore_apatite_0":2,"stat.useItem.minecraft.dirt":6,"stat.pickup.minecraft.enchanting_table":1,"stat.pickup.minecraft.anvil":1,"stat.pickup.geolosys.cluster":18,"stat.pickup.minecraft.cobblestone":305,"stat.mineBlock.gregtech.ore_tetrahedrite_0":1,"stat.drop.minecraft.wheat_seeds":2,"stat.pickup.minecraft.redstone":25,"stat.pickup.minecraft.mutton":6,"stat.killEntity.techguns.SkeletonSoldier":5,"stat.craftItem.primal.iron_strand":1,"stat.pickup.minecraft.dark_oak_door":3,"stat.mineBlock.thermalfoundation.ore":13,"stat.pickup.minecraft.stonebrick":33,"stat.pickup.minecraft.redstone_lamp":1,"stat.drop.minecraft.dirt":28,"stat.pickup.galacticraftcore.basic_block_core":88,"stat.pickup.minecraft.iron_shovel":1,"stat.useItem.minecraft.cooked_porkchop":5,"stat.pickup.lycanitesmobs.whirlwindcharge":4,"stat.pickup.minecraft.carpet":1,"stat.entityKilledBy.techguns.PsychoSteve":1,"stat.pickup.primal.pelt_pig":2,"stat.pickup.primal.rock_stone":1,"stat.craftItem.minecraft.stone_slab2":0,"stat.mineBlock.scp.foundationofficetop":15,"stat.drop.scp.foundationceiling":2,"stat.craftItem.minecraft.stick":4,"stat.mineBlock.scp.damaged_ceiling_lamp":1,"stat.useItem.minecraft.stone_slab":29,"stat.pickup.gregtech.metal_casing":27,"stat.craftItem.gregtech.meta_tool":4,"stat.pickup.techguns.t1_miner_leggings":3,"stat.mineBlock.gregtech.sapling":1,"stat.mineBlock.minecraft.crafting_table":1,"stat.mineBlock.minecraft.quartz_block":10,"stat.useItem.minecraft.diamond_pickaxe":1497,"stat.drop.techguns.ak47":1,"stat.mineBlock.minecraft.planks":16,"stat.drop":51,"stat.useItem.scp.foundationwallg":3,"stat.killEntity.Sheep":11,"stat.pickup.minecraft.slime_ball":10,"stat.craftItem.minecraft.diamond_pickaxe":1,"stat.craftItem.primal.stone_gallagher":1,"stat.drop.minecraft.bread":6,"stat.pickup.primal.animal_fat":8,"stat.pickup.gregtech.ore_salt_0":6,"stat.pickup.techguns.t1_scout_leggings":2,"stat.pickup.minecraft.gravel":55,"stat.mineBlock.minecraft.anvil":1,"stat.useItem.minecraft.apple":5,"stat.drop.hardcorequesting.quest_book":1,"stat.craftItem.ic2.forge_hammer":1,"stat.pickup.minecraft.fence":2,"stat.craftItem.minecraft.bread":1,"stat.pickup.minecraft.spider_eye":1,"stat.pickup.minecraft.iron_ore":12,"stat.mineBlock.mca.rose_gold_ore":25,"stat.mineBlock.minecraft.iron_bars":31,"stat.mineBlock.geolosys.ore":10,"stat.entityKilledBy.techguns.SkeletonSoldier":1,"stat.drop.scp.steel":7,"stat.mineBlock.minecraft.furnace":3,"stat.pickup.gregtech.ore_rock_salt_0":8,"stat.pickup.gregtech.cable":2,"stat.useItem.gregtech.meta_tool":161,"stat.pickup.gregtech.sapling":11,"stat.pickup.scp.foundationofficetop":9,"volcan.learn":1,"chupacabra.learn":1,"stat.damageDealt":11813,"stat.craftItem.minecraft.glass":17,"stat.sleepInBed":6,"stat.craftItem.minecraft.baked_potato":1,"stat.killEntity.Pig":2,"stat.walkOneCm":2323570,"stat.craftItem.primal.obsidian_shard":4,"stat.mineBlock.ic2.te":2,"stat.pickup.minecraft.stick":39,"stat.pickup.techguns.t1_miner_boots":1,"stat.mineBlock.scp.foundationofficebottom":6,"stat.pickup.galacticraftcore.basic_item":8,"stat.pickup.minecraft.stone":54,"stat.pickup.biomesoplenty.mudball":4,"stat.mineBlock.minecraft.wool":12,"stat.pickup.minecraft.chorus_fruit":3,"stat.pickup.minecraft.gold_ingot":3,"stat.killEntity.scp.eyeball":20,"stat.killEntity.Skeleton":5,"stat.craftItem.techguns.basicmachine":1,"stat.useItem.primal.flint_pickaxe":4,"stat.killEntity.Spider":6,"stat.pickup.minecraft.bread":16,"stat.pickup.minecraft.concrete_powder":51,"stat.pickup.techguns.pistol":2,"stat.pickup.minecraft.quartz":61,"stat.mineBlock.biomesoplenty.dried_sand":2,"stat.pickup.scp.foundationexteriortop":49,"stat.useItem.minecraft.golden_apple":3,"stat.mineBlock.minecraft.leaves":1,"stat.pickup.lycanitesmobs.acidsplashcharge":13,"stat.craftItem.galacticraftcore.basic_item":86,"stat.useItem.techguns.metalpanel":161,"stat.mineBlock.minecraft.stone":346}