{"stat.chestOpened":153,"stat.pickup.minecraft.bone":15,"stat.craftItem.primal.flint_pickaxe":2,"stat.pickup.minecraft.gravel":59,"stat.leaveGame":1,"stat.pickup.minecraft.arrow":2,"stat.useItem.minecraft.glass_bottle":37,"stat.pickup.minecraft.flint":8,"stat.mineBlock.toughasnails.campfire":1,"stat.entityKilledBy.techguns.ZombieMiner":1,"stat.useItem.minecraft.apple":6,"stat.pickup.minecraft.obsidian":2,"stat.craftItem.minecraft.flint":4,"stat.useItem.minecraft.potion":34,"geist.kill":1,"stat.jump":770,"stat.swimOneCm":883,"stat.pickup.primal.flint_pickaxe":1,"stat.fallOneCm":8159,"stat.climbOneCm":878,"stat.pickup.minecraft.iron_ingot":3,"stat.craftItem.minecraft.lever":1,"stat.useItem.minecraft.stone_axe":49,"stat.drop.gregtech.meta_tool":1,"stat.pickup.minecraft.gunpowder":4,"stat.crouchOneCm":1137,"stat.mineBlock.minecraft.chest":1,"ent.learn":1,"stat.craftItem.minecraft.iron_ingot":8,"stat.pickup.minecraft.dirt":15,"stat.useItem.minecraft.dirt":6,"stat.useItem.minecraft.stone_slab2":10,"stat.useItem.minecraft.water_bucket":5,"stat.drop.primal.plant_cordage":1,"stat.craftingTableInteraction":31,"stat.pickup.minecraft.iron_ore":7,"stat.pickup.minecraft.rotten_flesh":3,"stat.pickup.minecraft.stone_hoe":1,"stat.craftItem.minecraft.furnace":1,"reaper.kill":1,"stat.mineBlock.gregtech.log":8,"stat.pickup.primal.plant_fiber":11,"stat.craftItem.minecraft.stone_axe":1,"stat.damageTaken":1373,"stat.pickup.gregtech.ore_lepidolite_0":3,"stat.pickup.minecraft.bucket":3,"stat.killEntity.techguns.ZombieMiner":3,"stat.craftItem.minecraft.stone_pickaxe":2,"stat.pickup.gregtech.ore_rock_salt_0":2,"stat.pickup.primal.flint_knapp":8,"stat.pickup.minecraft.cobblestone":42,"stat.useItem.gregtech.meta_tool":28,"xaphan.learn":2,"stat.useItem.minecraft.stone_shovel":12,"stat.mineBlock.techguns.concrete":1,"stat.pickup.techguns.concrete":1,"stat.flyOneCm":239048,"stat.craftItem.minecraft.glass_bottle":12,"stat.pickup.minecraft.wheat_seeds":3,"herma.learn":1,"stat.pickup.minecraft.potato":1,"stat.pickup.techguns.t1_miner_chestplate":1,"stat.craftItem.toughasnails.campfire":2,"stat.mineBlock.minecraft.gravel":58,"stat.pickup.lycanitesmobs.geonachspear":2,"stat.useItem.minecraft.stone_pickaxe":46,"stat.craftItem.lycanitesmobs.acidsplashcharge":4,"stat.killEntity.techguns.ZombieFarmer":6,"stat.craftItem.minecraft.cooked_fish":3,"stat.damageDealt":4298,"stat.mineBlock.openblocks.grave":2,"stat.craftItem.minecraft.glass":12,"stat.mineBlock.gregtech.ore_lepidolite_0":4,"stat.pickup.minecraft.redstone":4,"reaper.learn":1,"stat.timeSinceDeath":63297,"stat.pickup.gregtech.ore_spodumene_0":2,"stat.mineBlock.minecraft.dirt":15,"stat.mineBlock.biomesoplenty.log_4":9,"stat.craftItem.minecraft.stone_shovel":1,"geonach.kill":3,"stat.pickup.lycanitesmobs.raw_joust_meat":60,"stat.walkOneCm":356297,"stat.pickup.gregtech.meta_tool":2,"stat.useItem.minecraft.bread":9,"stat.pickup.minecraft.golden_apple":1,"stat.mineBlock.biomesoplenty.leaves_1":11,"stat.mineBlock.gregtech.ore_rock_salt_0":9,"stat.pickup.minecraft.stick":15,"joustalpha.kill":3,"stat.pickup.minecraft.crafting_table":1,"geonach.learn":2,"stat.mineBlock.gregtech.ore_salt_0":7,"stat.pickup.thermalfoundation.material":3,"stat.furnaceInteraction":66,"stat.useItem.minecraft.gravel":22,"stat.mineBlock.gregtech.leaves":8,"herma.kill":1,"xaphan.kill":9,"stat.pickup.minecraft.log":4,"stat.mineBlock.gregtech.ore_spodumene_0":1,"stat.pickup.openblocks.info_book":2,"joust.learn":2,"stat.entityKilledBy.Skeleton":1,"stat.craftItem.minecraft.stone_slab2":0,"stat.pickup.lycanitesmobs.spectralboltcharge":2,"stat.pickup.minecraft.stone":30,"stat.craftItem.lycanitesmobs.cooked_joust_meat":9,"stat.craftItem.lycanitesmobs.boulderblastcharge":8,"stat.sprintOneCm":127717,"stat.mineBlock.minecraft.stone_slab":8,"stat.pickup.minecraft.apple":6,"stat.pickup.gregtech.log":8,"stat.killEntity.Skeleton":2,"stat.craftItem.gregtech.meta_tool":3,"stat.pickup.biomesoplenty.log_4":9,"stat.craftItem.techguns.itemshared":80,"joustalpha.learn":2,"stat.craftItem.minecraft.bucket":1,"stat.pickup.gregtech.meta_item_1":104,"stat.useItem.primal.flint_pickaxe":85,"stat.craftItem.minecraft.sand":12,"stat.mineBlock.minecraft.crafting_table":1,"stat.killEntity.Spider":1,"stat.pickup.minecraft.bread":1,"stat.mobKills":56,"stat.pickup.minecraft.quartz":21,"stat.craftItem.gregtech.meta_item_1":7,"stat.mineBlock.biomesoplenty.dried_sand":12,"stat.pickup.biomesoplenty.dried_sand":12,"stat.craftItem.gregtech.meta_item_2":1,"stat.pickup.primal.plant_cordage":2,"stat.deaths":3,"stat.pickup.lycanitesmobs.geistliver":1,"stat.drop":5,"stat.mineBlock.minecraft.leaves":11,"stat.playOneMinute":83345,"stat.drop.primal.flint_pickaxe":2,"stat.pickup.techguns.handcannon":1,"stat.pickup.minecraft.blaze_rod":1,"geist.learn":1,"joust.kill":24,"stat.sneakTime":813,"stat.pickup.minecraft.slime_ball":14,"stat.pickup.lycanitesmobs.acidsplashcharge":17,"ent.kill":1,"stat.drop.minecraft.bucket":1,"stat.pickup.minecraft.item_frame":1,"stat.killEntity.Zombie":1,"stat.pickup.minecraft.stone_slab":8,"stat.mineBlock.minecraft.stone":30,"stat.craftItem.primal.plant_cordage":2,"stat.pickup.minecraft.chest":1,"stat.pickup.minecraft.wheat":1,"stat.pickup.gregtech.ore_salt_0":6}