[{"uuid":"00000000-0000-0000-0000-000000000000","name":"","lives":3,"team":{"id":-1,"lifeSetting":"SHARE","rewardSetting":"ALL","players":[{"uuid":"00000000-0000-0000-0000-000000000000","owner":true,"bookOpen":true,"inTeam":true}],"reputations":[],"questDataList":[{"questId":"d8471c8b-86ff-4aa5-bf26-47ebf263ddba","questData":{"players":1,"rewards":[false],"completed":false,"claimed":false,"available":true,"time":0,"tasksSize":1,"tasks":[{"type":"ITEMS","completed":false,"count":1,"progress":[0]}]}},{"questId":"e5a32c83-c4f9-4bba-8370-2ea3451d87ea","questData":{"players":1,"rewards":[false],"completed":false,"claimed":false,"available":true,"time":0,"tasksSize":0,"tasks":[]}},{"questId":"2e422ac3-cbc7-40e5-8447-483ebe2ae6f9","questData":{"players":1,"rewards":[false],"completed":false,"claimed":false,"available":true,"time":0,"tasksSize":1,"tasks":[{"type":"ITEMS","completed":false,"count":1,"progress":[0]}]}},{"questId":"9316c589-bbb2-42c3-81cf-fd615594371d","questData":{"players":1,"rewards":[true],"completed":true,"claimed":false,"available":false,"time":320,"tasksSize":1,"tasks":[{"type":"COMPLETED","completed":false,"count":1,"quests":[false]}]}},{"questId":"cd7aa16f-2e42-4b3c-80ef-fd0ebcd5e6d6","questData":{"players":1,"rewards":[false],"completed":false,"claimed":false,"available":true,"time":0,"tasksSize":2,"tasks":[{"type":"ITEMS","completed":false,"count":1,"progress":[0]},{"type":"ITEMS","completed":false,"count":2,"progress":[0,0]}]}},{"questId":"b96996bd-ba6d-4dc5-b15f-c5ae23c61541","questData":{"players":1,"rewards":[false],"completed":false,"claimed":false,"available":true,"time":0,"tasksSize":2,"tasks":[{"type":"ITEMS","completed":false,"count":3,"progress":[0,1,1]},{"type":"ITEMS","completed":false,"count":1,"progress":[0]}]}},{"questId":"2f67e6ef-0d09-4cc7-b414-2bd87d71fc71","questData":{"players":1,"rewards":[false],"completed":false,"claimed":false,"available":true,"time":0,"tasksSize":1,"tasks":[{"type":"ITEMS","completed":false,"count":3,"progress":[0,0,0]}]}},{"questId":"3238d501-eef4-459b-8ee6-b239a2306277","questData":{"players":1,"rewards":[false],"completed":true,"claimed":false,"available":false,"time":320,"tasksSize":1,"tasks":[{"type":"ITEMS","completed":true,"count":1,"progress":[1]}]}},{"questId":"fa7866e0-9865-48f3-ae40-6770fe3bd34b","questData":{"players":1,"rewards":[false],"completed":false,"claimed":false,"available":true,"time":0,"tasksSize":1,"tasks":[{"type":"ITEMS","completed":false,"count":1,"progress":[0]}]}},{"questId":"c871a435-145c-4d29-9bd4-9b7584f2b5f1","questData":{"players":1,"rewards":[false],"completed":false,"claimed":false,"available":true,"time":0,"tasksSize":0,"tasks":[]}},{"questId":"e094e0a8-118f-497b-a681-cec3c3233cff","questData":{"players":1,"rewards":[false],"completed":true,"claimed":false,"available":false,"time":318,"tasksSize":1,"tasks":[{"type":"ITEMS","completed":true,"count":1,"progress":[1]}]}},{"questId":"e9e65bc3-8c43-49b5-9370-b0c31c05a63e","questData":{"players":1,"rewards":[false],"completed":true,"claimed":false,"available":false,"time":328,"tasksSize":1,"tasks":[{"type":"ITEMS","completed":true,"count":1,"progress":[3]}]}},{"questId":"20b9697f-c116-4ca4-b0a7-947ca7dc0baf","questData":{"players":1,"rewards":[false],"completed":false,"claimed":false,"available":true,"time":0,"tasksSize":3,"tasks":[{"type":"ITEMS","completed":false,"count":1,"progress":[0]},{"type":"ITEMS","completed":false,"count":1,"progress":[0]},{"type":"ITEMS","completed":false,"count":1,"progress":[0]}]}},{"questId":"97739c10-6b9f-4c95-9784-c447a9b36644","questData":{"players":1,"rewards":[false],"completed":false,"claimed":false,"available":true,"time":0,"tasksSize":11,"tasks":[{"type":"ITEMS","completed":false,"count":1,"progress":[0]},{"type":"ITEMS","completed":false,"count":1,"progress":[0]},{"type":"ITEMS","completed":false,"count":1,"progress":[0]},{"type":"ITEMS","completed":false,"count":1,"progress":[0]},{"type":"ITEMS","completed":false,"count":1,"progress":[0]},{"type":"ITEMS","completed":false,"count":1,"progress":[0]},{"type":"ITEMS","completed":false,"count":1,"progress":[0]},{"type":"ITEMS","completed":false,"count":1,"progress":[0]},{"type":"ITEMS","completed":false,"count":1,"progress":[0]},{"type":"ITEMS","completed":false,"count":1,"progress":[0]},{"type":"ITEMS","completed":false,"count":1,"progress":[0]}]}},{"questId":"9e56a303-8523-4126-a4f4-0da2eefcdfd8","questData":{"players":1,"rewards":[false],"completed":false,"claimed":false,"available":true,"time":0,"tasksSize":1,"tasks":[{"type":"ITEMS","completed":false,"count":1,"progress":[0]}]}},{"questId":"325681c5-47bb-4c83-a59b-1c578d4bc94e","questData":{"players":1,"rewards":[false],"completed":true,"claimed":false,"available":false,"time":331,"tasksSize":1,"tasks":[{"type":"ITEMS","completed":true,"count":1,"progress":[1]}]}},{"questId":"40a66d36-bf88-4f20-ac34-4eb483fbf720","questData":{"players":1,"rewards":[false],"completed":false,"claimed":false,"available":true,"time":0,"tasksSize":0,"tasks":[]}},{"questId":"b213fd4a-bed2-4c63-b316-86a8886523d4","questData":{"players":1,"rewards":[false],"completed":false,"claimed":false,"available":true,"time":0,"tasksSize":1,"tasks":[{"type":"ITEMS","completed":false,"count":1,"progress":[0]}]}},{"questId":"2431c380-2371-4cd6-8977-5bfbc80d29f0","questData":{"players":1,"rewards":[false],"completed":false,"claimed":false,"available":true,"time":0,"tasksSize":1,"tasks":[{"type":"ITEMS","completed":false,"count":1,"progress":[0]}]}},{"questId":"944dfcf3-177d-4d34-9d98-e3ee3d4d2a2b","questData":{"players":1,"rewards":[false],"completed":true,"claimed":false,"available":false,"time":320,"tasksSize":1,"tasks":[{"type":"ADVANCEMENT","completed":true,"count":1,"advanced":[false]}]}},{"questId":"6225a4fd-5882-403a-927f-9ab4e64eba8e","questData":{"players":1,"rewards":[false],"completed":false,"claimed":false,"available":true,"time":0,"tasksSize":1,"tasks":[{"type":"ITEMS","completed":false,"count":1,"progress":[0]}]}},{"questId":"5ddbb759-703d-4d40-9149-e0abc6e78491","questData":{"players":1,"rewards":[false],"completed":false,"claimed":false,"available":true,"time":0,"tasksSize":3,"tasks":[{"type":"ITEMS","completed":true,"count":1,"progress":[1]},{"type":"ITEMS","completed":false,"count":0,"progress":[]},{"type":"ITEMS","completed":false,"count":0,"progress":[]}]}},{"questId":"9de2d4b7-3125-41fd-aa6d-85b1272c034c","questData":{"players":1,"rewards":[false],"completed":false,"claimed":false,"available":true,"time":0,"tasksSize":1,"tasks":[{"type":"ITEMS","completed":false,"count":1,"progress":[0]}]}},{"questId":"d08efda2-e015-478b-8186-e6978ffb042b","questData":{"players":1,"rewards":[false],"completed":false,"claimed":false,"available":true,"time":0,"tasksSize":1,"tasks":[{"type":"ITEMS","completed":false,"count":1,"progress":[0]}]}},{"questId":"e3ffd977-3f8f-4b68-b62c-94058f8ae07a","questData":{"players":1,"rewards":[true],"completed":true,"claimed":false,"available":false,"time":379,"tasksSize":2,"tasks":[{"type":"COMPLETED","completed":true,"count":3,"quests":[true,false,false]},{"type":"COMPLETED","completed":true,"count":1,"quests":[true]}]}},{"questId":"967e7498-9f06-4957-a2e4-af7cd14f9419","questData":{"players":1,"rewards":[false],"completed":true,"claimed":false,"available":false,"time":303,"tasksSize":1,"tasks":[{"type":"ITEMS","completed":true,"count":1,"progress":[1]}]}},{"questId":"dfe57417-ea19-4ed7-8ff3-78e5bb7f92ee","questData":{"players":1,"rewards":[false],"completed":false,"claimed":false,"available":true,"time":0,"tasksSize":1,"tasks":[{"type":"ITEMS","completed":false,"count":1,"progress":[0]}]}},{"questId":"12f058c9-1ed3-4b1b-a3e6-58557c7e8ac7","questData":{"players":1,"rewards":[false],"completed":false,"claimed":false,"available":true,"time":0,"tasksSize":1,"tasks":[{"type":"ITEMS","completed":false,"count":1,"progress":[0]}]}},{"questId":"ba4e6d0c-7db5-4881-a92b-5bfc874343dc","questData":{"players":1,"rewards":[false],"completed":false,"claimed":false,"available":true,"time":0,"tasksSize":1,"tasks":[{"type":"ITEMS","completed":false,"count":1,"progress":[0]}]}},{"questId":"a7bb8036-34ab-44e8-943e-be4cb220ec63","questData":{"players":1,"rewards":[false],"completed":true,"claimed":false,"available":false,"time":315,"tasksSize":3,"tasks":[{"type":"ITEMS","completed":true,"count":1,"progress":[1]},{"type":"ITEMS","completed":true,"count":1,"progress":[1]},{"type":"ITEMS","completed":true,"count":1,"progress":[1]}]}}],"invites":[]},"selectedQuest":"b213fd4a-bed2-4c63-b316-86a8886523d4","playedLore":false,"receivedBook":false,"groupData":{},"deaths":{"00000000-0000-0000-0000-000000000000":[0,0,0,0,0,0,0,0,0,0,0,0,0,0,0]}},{"uuid":"e12d497c-6efc-384f-bdf0-7d00de10ceb6","name":"","lives":20,"team":{"id":-1,"lifeSetting":"SHARE","rewardSetting":"ALL","players":[{"uuid":"e12d497c-6efc-384f-bdf0-7d00de10ceb6","owner":true,"bookOpen":true,"inTeam":true}],"reputations":[],"questDataList":[{"questId":"d8471c8b-86ff-4aa5-bf26-47ebf263ddba","questData":{"players":1,"rewards":[false],"completed":false,"claimed":false,"available":true,"time":0,"tasksSize":1,"tasks":[{"type":"ITEMS","completed":false,"count":1,"progress":[0]}]}},{"questId":"2e422ac3-cbc7-40e5-8447-483ebe2ae6f9","questData":{"players":1,"rewards":[false],"completed":false,"claimed":false,"available":true,"time":0,"tasksSize":1,"tasks":[{"type":"ITEMS","completed":false,"count":1,"progress":[0]}]}},{"questId":"9316c589-bbb2-42c3-81cf-fd615594371d","questData":{"players":1,"rewards":[false],"completed":false,"claimed":false,"available":true,"time":0,"tasksSize":1,"tasks":[{"type":"COMPLETED","completed":false,"count":1,"quests":[false]}]}},{"questId":"cd7aa16f-2e42-4b3c-80ef-fd0ebcd5e6d6","questData":{"players":1,"rewards":[false],"completed":false,"claimed":false,"available":true,"time":0,"tasksSize":2,"tasks":[{"type":"ITEMS","completed":false,"count":1,"progress":[0]},{"type":"ITEMS","completed":false,"count":2,"progress":[0,0]}]}},{"questId":"b96996bd-ba6d-4dc5-b15f-c5ae23c61541","questData":{"players":1,"rewards":[false],"completed":false,"claimed":false,"available":true,"time":0,"tasksSize":2,"tasks":[{"type":"ITEMS","completed":false,"count":3,"progress":[0,1,0]},{"type":"ITEMS","completed":false,"count":1,"progress":[0]}]}},{"questId":"2f67e6ef-0d09-4cc7-b414-2bd87d71fc71","questData":{"players":1,"rewards":[false],"completed":false,"claimed":false,"available":true,"time":0,"tasksSize":1,"tasks":[{"type":"ITEMS","completed":false,"count":3,"progress":[0,0,0]}]}},{"questId":"3238d501-eef4-459b-8ee6-b239a2306277","questData":{"players":1,"rewards":[false],"completed":false,"claimed":false,"available":true,"time":0,"tasksSize":1,"tasks":[{"type":"ITEMS","completed":false,"count":1,"progress":[0]}]}},{"questId":"e094e0a8-118f-497b-a681-cec3c3233cff","questData":{"players":1,"rewards":[false],"completed":false,"claimed":false,"available":true,"time":0,"tasksSize":1,"tasks":[{"type":"ITEMS","completed":false,"count":1,"progress":[0]}]}},{"questId":"e9e65bc3-8c43-49b5-9370-b0c31c05a63e","questData":{"players":1,"rewards":[false],"completed":false,"claimed":false,"available":true,"time":0,"tasksSize":1,"tasks":[{"type":"ITEMS","completed":false,"count":1,"progress":[0]}]}},{"questId":"20b9697f-c116-4ca4-b0a7-947ca7dc0baf","questData":{"players":1,"rewards":[false],"completed":false,"claimed":false,"available":true,"time":0,"tasksSize":3,"tasks":[{"type":"ITEMS","completed":false,"count":1,"progress":[0]},{"type":"ITEMS","completed":false,"count":1,"progress":[0]},{"type":"ITEMS","completed":false,"count":1,"progress":[0]}]}},{"questId":"97739c10-6b9f-4c95-9784-c447a9b36644","questData":{"players":1,"rewards":[false],"completed":false,"claimed":false,"available":true,"time":0,"tasksSize":10,"tasks":[{"type":"ITEMS","completed":false,"count":1,"progress":[0]},{"type":"ITEMS","completed":false,"count":1,"progress":[0]},{"type":"ITEMS","completed":false,"count":1,"progress":[0]},{"type":"ITEMS","completed":false,"count":1,"progress":[0]},{"type":"ITEMS","completed":false,"count":1,"progress":[0]},{"type":"ITEMS","completed":false,"count":1,"progress":[0]},{"type":"ITEMS","completed":false,"count":1,"progress":[0]},{"type":"ITEMS","completed":false,"count":1,"progress":[0]},{"type":"ITEMS","completed":false,"count":1,"progress":[0]},{"type":"ITEMS","completed":false,"count":1,"progress":[0]}]}},{"questId":"9e56a303-8523-4126-a4f4-0da2eefcdfd8","questData":{"players":1,"rewards":[false],"completed":false,"claimed":false,"available":true,"time":0,"tasksSize":1,"tasks":[{"type":"ITEMS","completed":false,"count":1,"progress":[0]}]}},{"questId":"325681c5-47bb-4c83-a59b-1c578d4bc94e","questData":{"players":1,"rewards":[false],"completed":false,"claimed":false,"available":true,"time":0,"tasksSize":1,"tasks":[{"type":"ITEMS","completed":false,"count":1,"progress":[0]}]}},{"questId":"b213fd4a-bed2-4c63-b316-86a8886523d4","questData":{"players":1,"rewards":[false],"completed":false,"claimed":false,"available":true,"time":0,"tasksSize":1,"tasks":[{"type":"ITEMS","completed":false,"count":1,"progress":[0]}]}},{"questId":"2431c380-2371-4cd6-8977-5bfbc80d29f0","questData":{"players":1,"rewards":[false],"completed":false,"claimed":false,"available":true,"time":0,"tasksSize":1,"tasks":[{"type":"ITEMS","completed":false,"count":1,"progress":[0]}]}},{"questId":"944dfcf3-177d-4d34-9d98-e3ee3d4d2a2b","questData":{"players":1,"rewards":[false],"completed":false,"claimed":false,"available":true,"time":0,"tasksSize":1,"tasks":[{"type":"ADVANCEMENT","completed":true,"count":1,"advanced":[false]}]}},{"questId":"6225a4fd-5882-403a-927f-9ab4e64eba8e","questData":{"players":1,"rewards":[false],"completed":false,"claimed":false,"available":true,"time":0,"tasksSize":1,"tasks":[{"type":"ITEMS","completed":false,"count":1,"progress":[0]}]}},{"questId":"9de2d4b7-3125-41fd-aa6d-85b1272c034c","questData":{"players":1,"rewards":[false],"completed":false,"claimed":false,"available":true,"time":0,"tasksSize":1,"tasks":[{"type":"ITEMS","completed":false,"count":1,"progress":[0]}]}},{"questId":"d08efda2-e015-478b-8186-e6978ffb042b","questData":{"players":1,"rewards":[false],"completed":false,"claimed":false,"available":true,"time":0,"tasksSize":1,"tasks":[{"type":"ITEMS","completed":false,"count":1,"progress":[0]}]}},{"questId":"e3ffd977-3f8f-4b68-b62c-94058f8ae07a","questData":{"players":1,"rewards":[false],"completed":false,"claimed":false,"available":true,"time":0,"tasksSize":2,"tasks":[{"type":"COMPLETED","completed":false,"count":1,"quests":[false]},{"type":"COMPLETED","completed":false,"count":1,"quests":[false]}]}},{"questId":"967e7498-9f06-4957-a2e4-af7cd14f9419","questData":{"players":1,"rewards":[false],"completed":false,"claimed":false,"available":true,"time":0,"tasksSize":1,"tasks":[{"type":"ITEMS","completed":false,"count":1,"progress":[0]}]}},{"questId":"dfe57417-ea19-4ed7-8ff3-78e5bb7f92ee","questData":{"players":1,"rewards":[false],"completed":false,"claimed":false,"available":true,"time":0,"tasksSize":1,"tasks":[{"type":"ITEMS","completed":false,"count":1,"progress":[0]}]}},{"questId":"12f058c9-1ed3-4b1b-a3e6-58557c7e8ac7","questData":{"players":1,"rewards":[false],"completed":false,"claimed":false,"available":true,"time":0,"tasksSize":1,"tasks":[{"type":"ITEMS","completed":false,"count":1,"progress":[0]}]}},{"questId":"ba4e6d0c-7db5-4881-a92b-5bfc874343dc","questData":{"players":1,"rewards":[false],"completed":false,"claimed":false,"available":true,"time":0,"tasksSize":1,"tasks":[{"type":"ITEMS","completed":false,"count":1,"progress":[0]}]}},{"questId":"a7bb8036-34ab-44e8-943e-be4cb220ec63","questData":{"players":1,"rewards":[false],"completed":false,"claimed":false,"available":true,"time":0,"tasksSize":3,"tasks":[{"type":"ITEMS","completed":false,"count":1,"progress":[0]},{"type":"ITEMS","completed":false,"count":1,"progress":[0]},{"type":"ITEMS","completed":false,"count":1,"progress":[0]}]}}],"invites":[]},"selectedQuest":"325681c5-47bb-4c83-a59b-1c578d4bc94e","playedLore":false,"receivedBook":true,"groupData":{},"deaths":{"e12d497c-6efc-384f-bdf0-7d00de10ceb6":[0,0,0,0,0,0,2,0,0,0,11,0,0,0,1]}},{"uuid":"4dafa3ed-70a0-3fb5-90ea-01a571fa2947","name":"","lives":20,"team":{"id":-1,"lifeSetting":"SHARE","rewardSetting":"ALL","players":[{"uuid":"4dafa3ed-70a0-3fb5-90ea-01a571fa2947","owner":true,"bookOpen":true,"inTeam":true}],"reputations":[],"questDataList":[{"questId":"d8471c8b-86ff-4aa5-bf26-47ebf263ddba","questData":{"players":1,"rewards":[false],"completed":false,"claimed":false,"available":true,"time":0,"tasksSize":1,"tasks":[{"type":"ITEMS","completed":false,"count":1,"progress":[0]}]}},{"questId":"2e422ac3-cbc7-40e5-8447-483ebe2ae6f9","questData":{"players":1,"rewards":[false],"completed":false,"claimed":false,"available":true,"time":0,"tasksSize":1,"tasks":[{"type":"ITEMS","completed":false,"count":1,"progress":[0]}]}},{"questId":"9316c589-bbb2-42c3-81cf-fd615594371d","questData":{"players":1,"rewards":[false],"completed":false,"claimed":false,"available":true,"time":0,"tasksSize":1,"tasks":[{"type":"COMPLETED","completed":false,"count":1,"quests":[false]}]}},{"questId":"cd7aa16f-2e42-4b3c-80ef-fd0ebcd5e6d6","questData":{"players":1,"rewards":[false],"completed":false,"claimed":false,"available":true,"time":0,"tasksSize":2,"tasks":[{"type":"ITEMS","completed":false,"count":1,"progress":[0]},{"type":"ITEMS","completed":false,"count":2,"progress":[0,0]}]}},{"questId":"b96996bd-ba6d-4dc5-b15f-c5ae23c61541","questData":{"players":1,"rewards":[false],"completed":false,"claimed":false,"available":true,"time":0,"tasksSize":2,"tasks":[{"type":"ITEMS","completed":false,"count":3,"progress":[0,0,0]},{"type":"ITEMS","completed":false,"count":1,"progress":[0]}]}},{"questId":"2f67e6ef-0d09-4cc7-b414-2bd87d71fc71","questData":{"players":1,"rewards":[false],"completed":false,"claimed":false,"available":true,"time":0,"tasksSize":1,"tasks":[{"type":"ITEMS","completed":false,"count":3,"progress":[0,0,0]}]}},{"questId":"3238d501-eef4-459b-8ee6-b239a2306277","questData":{"players":1,"rewards":[false],"completed":false,"claimed":false,"available":true,"time":0,"tasksSize":1,"tasks":[{"type":"ITEMS","completed":false,"count":1,"progress":[0]}]}},{"questId":"e094e0a8-118f-497b-a681-cec3c3233cff","questData":{"players":1,"rewards":[false],"completed":false,"claimed":false,"available":true,"time":0,"tasksSize":1,"tasks":[{"type":"ITEMS","completed":false,"count":1,"progress":[0]}]}},{"questId":"e9e65bc3-8c43-49b5-9370-b0c31c05a63e","questData":{"players":1,"rewards":[false],"completed":false,"claimed":false,"available":true,"time":0,"tasksSize":1,"tasks":[{"type":"ITEMS","completed":false,"count":1,"progress":[0]}]}},{"questId":"20b9697f-c116-4ca4-b0a7-947ca7dc0baf","questData":{"players":1,"rewards":[false],"completed":false,"claimed":false,"available":true,"time":0,"tasksSize":3,"tasks":[{"type":"ITEMS","completed":false,"count":1,"progress":[0]},{"type":"ITEMS","completed":false,"count":1,"progress":[0]},{"type":"ITEMS","completed":false,"count":1,"progress":[0]}]}},{"questId":"97739c10-6b9f-4c95-9784-c447a9b36644","questData":{"players":1,"rewards":[false],"completed":false,"claimed":false,"available":true,"time":0,"tasksSize":10,"tasks":[{"type":"ITEMS","completed":false,"count":1,"progress":[0]},{"type":"ITEMS","completed":false,"count":1,"progress":[0]},{"type":"ITEMS","completed":false,"count":1,"progress":[0]},{"type":"ITEMS","completed":false,"count":1,"progress":[0]},{"type":"ITEMS","completed":false,"count":1,"progress":[0]},{"type":"ITEMS","completed":false,"count":1,"progress":[0]},{"type":"ITEMS","completed":false,"count":1,"progress":[0]},{"type":"ITEMS","completed":false,"count":1,"progress":[0]},{"type":"ITEMS","completed":false,"count":1,"progress":[0]},{"type":"ITEMS","completed":false,"count":1,"progress":[0]}]}},{"questId":"9e56a303-8523-4126-a4f4-0da2eefcdfd8","questData":{"players":1,"rewards":[false],"completed":false,"claimed":false,"available":true,"time":0,"tasksSize":1,"tasks":[{"type":"ITEMS","completed":false,"count":1,"progress":[0]}]}},{"questId":"325681c5-47bb-4c83-a59b-1c578d4bc94e","questData":{"players":1,"rewards":[false],"completed":false,"claimed":false,"available":true,"time":0,"tasksSize":1,"tasks":[{"type":"ITEMS","completed":false,"count":1,"progress":[0]}]}},{"questId":"b213fd4a-bed2-4c63-b316-86a8886523d4","questData":{"players":1,"rewards":[false],"completed":false,"claimed":false,"available":true,"time":0,"tasksSize":1,"tasks":[{"type":"ITEMS","completed":false,"count":1,"progress":[0]}]}},{"questId":"2431c380-2371-4cd6-8977-5bfbc80d29f0","questData":{"players":1,"rewards":[false],"completed":false,"claimed":false,"available":true,"time":0,"tasksSize":1,"tasks":[{"type":"ITEMS","completed":false,"count":1,"progress":[0]}]}},{"questId":"944dfcf3-177d-4d34-9d98-e3ee3d4d2a2b","questData":{"players":1,"rewards":[false],"completed":false,"claimed":false,"available":true,"time":0,"tasksSize":1,"tasks":[{"type":"ADVANCEMENT","completed":true,"count":1,"advanced":[false]}]}},{"questId":"6225a4fd-5882-403a-927f-9ab4e64eba8e","questData":{"players":1,"rewards":[false],"completed":false,"claimed":false,"available":true,"time":0,"tasksSize":1,"tasks":[{"type":"ITEMS","completed":false,"count":1,"progress":[0]}]}},{"questId":"9de2d4b7-3125-41fd-aa6d-85b1272c034c","questData":{"players":1,"rewards":[false],"completed":false,"claimed":false,"available":true,"time":0,"tasksSize":1,"tasks":[{"type":"ITEMS","completed":false,"count":1,"progress":[0]}]}},{"questId":"d08efda2-e015-478b-8186-e6978ffb042b","questData":{"players":1,"rewards":[false],"completed":false,"claimed":false,"available":true,"time":0,"tasksSize":1,"tasks":[{"type":"ITEMS","completed":false,"count":1,"progress":[0]}]}},{"questId":"e3ffd977-3f8f-4b68-b62c-94058f8ae07a","questData":{"players":1,"rewards":[false],"completed":false,"claimed":false,"available":true,"time":0,"tasksSize":2,"tasks":[{"type":"COMPLETED","completed":false,"count":1,"quests":[false]},{"type":"COMPLETED","completed":false,"count":1,"quests":[false]}]}},{"questId":"967e7498-9f06-4957-a2e4-af7cd14f9419","questData":{"players":1,"rewards":[false],"completed":true,"claimed":true,"available":false,"time":14,"tasksSize":1,"tasks":[{"type":"ITEMS","completed":true,"count":1,"progress":[1]}]}},{"questId":"dfe57417-ea19-4ed7-8ff3-78e5bb7f92ee","questData":{"players":1,"rewards":[false],"completed":false,"claimed":false,"available":true,"time":0,"tasksSize":1,"tasks":[{"type":"ITEMS","completed":false,"count":1,"progress":[0]}]}},{"questId":"12f058c9-1ed3-4b1b-a3e6-58557c7e8ac7","questData":{"players":1,"rewards":[false],"completed":false,"claimed":false,"available":true,"time":0,"tasksSize":1,"tasks":[{"type":"ITEMS","completed":false,"count":1,"progress":[0]}]}},{"questId":"ba4e6d0c-7db5-4881-a92b-5bfc874343dc","questData":{"players":1,"rewards":[false],"completed":false,"claimed":false,"available":true,"time":0,"tasksSize":1,"tasks":[{"type":"ITEMS","completed":false,"count":1,"progress":[0]}]}},{"questId":"a7bb8036-34ab-44e8-943e-be4cb220ec63","questData":{"players":1,"rewards":[false],"completed":false,"claimed":false,"available":true,"time":0,"tasksSize":3,"tasks":[{"type":"ITEMS","completed":true,"count":1,"progress":[1]},{"type":"ITEMS","completed":true,"count":1,"progress":[1]},{"type":"ITEMS","completed":false,"count":1,"progress":[0]}]}}],"invites":[]},"selectedQuest":"e094e0a8-118f-497b-a681-cec3c3233cff","playedLore":false,"receivedBook":true,"groupData":{},"deaths":{"4dafa3ed-70a0-3fb5-90ea-01a571fa2947":[0,1,0,0,0,0,2,0,0,0,16,0,0,0,0]}},{"uuid":"89d9f206-cb3c-39a2-8c32-464cf856ee00","name":"","lives":20,"team":{"id":-1,"lifeSetting":"SHARE","rewardSetting":"ALL","players":[{"uuid":"89d9f206-cb3c-39a2-8c32-464cf856ee00","owner":true,"bookOpen":true,"inTeam":true}],"reputations":[],"questDataList":[{"questId":"d8471c8b-86ff-4aa5-bf26-47ebf263ddba","questData":{"players":1,"rewards":[false],"completed":false,"claimed":false,"available":true,"time":0,"tasksSize":1,"tasks":[{"type":"ITEMS","completed":false,"count":1,"progress":[0]}]}},{"questId":"2e422ac3-cbc7-40e5-8447-483ebe2ae6f9","questData":{"players":1,"rewards":[false],"completed":false,"claimed":false,"available":true,"time":0,"tasksSize":1,"tasks":[{"type":"ITEMS","completed":false,"count":1,"progress":[0]}]}},{"questId":"9316c589-bbb2-42c3-81cf-fd615594371d","questData":{"players":1,"rewards":[true],"completed":true,"claimed":false,"available":false,"time":132,"tasksSize":1,"tasks":[{"type":"COMPLETED","completed":true,"count":1,"quests":[true]}]}},{"questId":"cd7aa16f-2e42-4b3c-80ef-fd0ebcd5e6d6","questData":{"players":1,"rewards":[false],"completed":false,"claimed":false,"available":true,"time":0,"tasksSize":2,"tasks":[{"type":"ITEMS","completed":false,"count":1,"progress":[0]},{"type":"ITEMS","completed":false,"count":2,"progress":[0,0]}]}},{"questId":"b96996bd-ba6d-4dc5-b15f-c5ae23c61541","questData":{"players":1,"rewards":[false],"completed":false,"claimed":false,"available":true,"time":0,"tasksSize":2,"tasks":[{"type":"ITEMS","completed":false,"count":3,"progress":[0,0,0]},{"type":"ITEMS","completed":false,"count":1,"progress":[0]}]}},{"questId":"2f67e6ef-0d09-4cc7-b414-2bd87d71fc71","questData":{"players":1,"rewards":[false],"completed":false,"claimed":false,"available":true,"time":0,"tasksSize":1,"tasks":[{"type":"ITEMS","completed":false,"count":3,"progress":[0,0,0]}]}},{"questId":"3238d501-eef4-459b-8ee6-b239a2306277","questData":{"players":1,"rewards":[false],"completed":true,"claimed":true,"available":false,"time":132,"tasksSize":1,"tasks":[{"type":"ITEMS","completed":true,"count":1,"progress":[1]}]}},{"questId":"e094e0a8-118f-497b-a681-cec3c3233cff","questData":{"players":1,"rewards":[false],"completed":true,"claimed":true,"available":false,"time":130,"tasksSize":1,"tasks":[{"type":"ITEMS","completed":true,"count":1,"progress":[1]}]}},{"questId":"e9e65bc3-8c43-49b5-9370-b0c31c05a63e","questData":{"players":1,"rewards":[false],"completed":true,"claimed":true,"available":false,"time":132,"tasksSize":1,"tasks":[{"type":"ITEMS","completed":true,"count":1,"progress":[3]}]}},{"questId":"20b9697f-c116-4ca4-b0a7-947ca7dc0baf","questData":{"players":1,"rewards":[false],"completed":true,"claimed":true,"available":false,"time":130,"tasksSize":3,"tasks":[{"type":"ITEMS","completed":true,"count":1,"progress":[1]},{"type":"ITEMS","completed":true,"count":1,"progress":[1]},{"type":"ITEMS","completed":true,"count":1,"progress":[1]}]}},{"questId":"97739c10-6b9f-4c95-9784-c447a9b36644","questData":{"players":1,"rewards":[false],"completed":false,"claimed":false,"available":true,"time":0,"tasksSize":10,"tasks":[{"type":"ITEMS","completed":false,"count":1,"progress":[0]},{"type":"ITEMS","completed":false,"count":1,"progress":[0]},{"type":"ITEMS","completed":false,"count":1,"progress":[0]},{"type":"ITEMS","completed":false,"count":1,"progress":[0]},{"type":"ITEMS","completed":false,"count":1,"progress":[0]},{"type":"ITEMS","completed":false,"count":1,"progress":[0]},{"type":"ITEMS","completed":false,"count":1,"progress":[0]},{"type":"ITEMS","completed":false,"count":1,"progress":[0]},{"type":"ITEMS","completed":false,"count":1,"progress":[0]},{"type":"ITEMS","completed":false,"count":1,"progress":[0]}]}},{"questId":"9e56a303-8523-4126-a4f4-0da2eefcdfd8","questData":{"players":1,"rewards":[false],"completed":false,"claimed":false,"available":true,"time":0,"tasksSize":1,"tasks":[{"type":"ITEMS","completed":true,"count":1,"progress":[5]}]}},{"questId":"325681c5-47bb-4c83-a59b-1c578d4bc94e","questData":{"players":1,"rewards":[false],"completed":false,"claimed":false,"available":true,"time":0,"tasksSize":1,"tasks":[{"type":"ITEMS","completed":false,"count":1,"progress":[0]}]}},{"questId":"b213fd4a-bed2-4c63-b316-86a8886523d4","questData":{"players":1,"rewards":[false],"completed":false,"claimed":false,"available":true,"time":0,"tasksSize":1,"tasks":[{"type":"ITEMS","completed":false,"count":1,"progress":[0]}]}},{"questId":"2431c380-2371-4cd6-8977-5bfbc80d29f0","questData":{"players":1,"rewards":[false],"completed":false,"claimed":false,"available":true,"time":0,"tasksSize":1,"tasks":[{"type":"ITEMS","completed":false,"count":1,"progress":[0]}]}},{"questId":"944dfcf3-177d-4d34-9d98-e3ee3d4d2a2b","questData":{"players":1,"rewards":[false],"completed":true,"claimed":true,"available":false,"time":132,"tasksSize":1,"tasks":[{"type":"ADVANCEMENT","completed":true,"count":1,"advanced":[false]}]}},{"questId":"6225a4fd-5882-403a-927f-9ab4e64eba8e","questData":{"players":1,"rewards":[false],"completed":false,"claimed":false,"available":true,"time":0,"tasksSize":1,"tasks":[{"type":"ITEMS","completed":false,"count":1,"progress":[0]}]}},{"questId":"9de2d4b7-3125-41fd-aa6d-85b1272c034c","questData":{"players":1,"rewards":[false],"completed":false,"claimed":false,"available":true,"time":0,"tasksSize":1,"tasks":[{"type":"ITEMS","completed":false,"count":1,"progress":[0]}]}},{"questId":"d08efda2-e015-478b-8186-e6978ffb042b","questData":{"players":1,"rewards":[false],"completed":false,"claimed":false,"available":true,"time":0,"tasksSize":1,"tasks":[{"type":"ITEMS","completed":false,"count":1,"progress":[0]}]}},{"questId":"e3ffd977-3f8f-4b68-b62c-94058f8ae07a","questData":{"players":1,"rewards":[true],"completed":true,"claimed":false,"available":false,"time":132,"tasksSize":2,"tasks":[{"type":"COMPLETED","completed":true,"count":1,"quests":[true]},{"type":"COMPLETED","completed":true,"count":1,"quests":[true]}]}},{"questId":"967e7498-9f06-4957-a2e4-af7cd14f9419","questData":{"players":1,"rewards":[false],"completed":true,"claimed":true,"available":false,"time":25,"tasksSize":1,"tasks":[{"type":"ITEMS","completed":true,"count":1,"progress":[1]}]}},{"questId":"dfe57417-ea19-4ed7-8ff3-78e5bb7f92ee","questData":{"players":1,"rewards":[false],"completed":false,"claimed":false,"available":true,"time":0,"tasksSize":1,"tasks":[{"type":"ITEMS","completed":false,"count":1,"progress":[0]}]}},{"questId":"12f058c9-1ed3-4b1b-a3e6-58557c7e8ac7","questData":{"players":1,"rewards":[false],"completed":false,"claimed":false,"available":true,"time":0,"tasksSize":1,"tasks":[{"type":"ITEMS","completed":false,"count":1,"progress":[0]}]}},{"questId":"ba4e6d0c-7db5-4881-a92b-5bfc874343dc","questData":{"players":1,"rewards":[false],"completed":false,"claimed":false,"available":true,"time":0,"tasksSize":1,"tasks":[{"type":"ITEMS","completed":false,"count":1,"progress":[0]}]}},{"questId":"a7bb8036-34ab-44e8-943e-be4cb220ec63","questData":{"players":1,"rewards":[false],"completed":true,"claimed":true,"available":false,"time":78,"tasksSize":3,"tasks":[{"type":"ITEMS","completed":true,"count":1,"progress":[1]},{"type":"ITEMS","completed":true,"count":1,"progress":[1]},{"type":"ITEMS","completed":true,"count":1,"progress":[1]}]}}],"invites":[]},"selectedQuest":"97739c10-6b9f-4c95-9784-c447a9b36644","playedLore":false,"receivedBook":true,"groupData":{},"deaths":{"89d9f206-cb3c-39a2-8c32-464cf856ee00":[0,0,0,0,0,0,1,0,0,0,3,0,0,0,0]}}]