{"stat.useItem.minecraft.bow":2,"stat.pickup.scp.foundationexteriormiddle":1,"stat.leaveGame":4,"stat.useItem.gregtech.mineral":17,"stat.entityKilledBy.techguns.ZombieMiner":2,"stat.mineBlock.minecraft.stained_glass":32,"stat.entityKilledBy.techguns.ZombieFarmer":3,"djinn.learn":2,"stat.pickup.primal.flint_point":1,"stat.mineBlock.techguns.ladder0":8,"stat.useItem.minecraft.water_bucket":65,"stat.pickup.minecraft.rotten_flesh":8,"stat.pickup.minecraft.sand":157,"stat.pickup.minecraft.hardened_clay":26,"stat.pickup.minecraft.brick_block":69,"stat.mineBlock.gregtech.log":60,"stat.pickup.techguns.item_bunkerdoor":7,"stat.pickup.minecraft.cobblestone_wall":55,"stat.mineBlock.scp.sublevelwall":5,"stat.mineBlock.techguns.concrete":124,"stat.craftItem.minecraft.iron_shovel":1,"stat.mineBlock.minecraft.sand":119,"stat.killEntity.techguns.ZombieFarmer":4,"stat.pickup.primal.quartz_knapp":2,"stat.useItem.minecraft.iron_pickaxe":280,"stat.pickup.minecraft.stained_hardened_clay":25,"stat.useItem.minecraft.iron_shovel":192,"stat.mineBlock.minecraft.brick_block":69,"stat.pickup.gregtech.meta_tool":4,"stat.pickup.thermalfoundation.material":2,"stat.furnaceInteraction":7,"stat.pickup.techguns.lamp0":11,"stat.drop.openblocks.info_book":1,"stat.mineBlock.gregtech.leaves":40,"stat.mineBlock.techguns.metalpanel":106,"stat.pickup.gregtech.granite":19,"stat.pickup.gregtech.ore_tetrahedrite_0":1,"stat.useItem.primal.cauldron_ladle_bone":3,"stat.drop.gregtech.log":55,"stat.craftItem.primal.flint_workblade":1,"joust.learn":1,"stat.drop.minecraft.stained_hardened_clay":2,"stat.mineBlock.scp.chamber_block":5,"stat.pickup.techguns.ladder0":8,"stat.mineBlock.minecraft.stained_hardened_clay":34,"stat.mineBlock.primal.cauldron":1,"stat.mineBlock.gregtech.granite":22,"stat.pickup.gregtech.ore_copper_0":1,"stat.useItem.minecraft.dark_oak_door":1,"stat.pickup.scp.sublevelwall":5,"stat.pickup.gregtech.meta_item_1":122,"stat.pickup.scp.data_bank":2,"stat.mineBlock.scp.card_reader":1,"stat.craftItem.primal.wood_pin":4,"stat.useItem.scp.foundationexteriortop":2,"stat.pickup.lycanitesmobs.djinncloud":1,"stat.pickup.minecraft.lever":2,"stat.deaths":14,"stat.playOneMinute":204559,"stat.drop.techguns.concrete":40,"stat.pickup.techguns.t1_miner_helmet":1,"stat.pickup.minecraft.item_frame":4,"stat.pickup.minecraft.iron_bars":16,"stat.craftItem.primal.plant_cordage":9,"stat.chestOpened":163,"stat.mineBlock.scp.foundationexteriormiddle":2,"stat.useItem.minecraft.stone":1,"stat.pickup.minecraft.arrow":2,"stat.mineBlock.toughasnails.campfire":1,"stat.craftItem.primal.flint_axe":1,"stat.craftItem.minecraft.iron_nugget":9,"stat.fallOneCm":33414,"stat.useItem.primal.flint_axe":154,"stat.pickup.gregtech.machine":2,"stat.crouchOneCm":8583,"stat.entityKilledBy.techguns.Bandit":1,"stat.craftItem.minecraft.chest":1,"stat.mineBlock.minecraft.concrete_powder":7,"stat.mineBlock.minecraft.hardened_clay":26,"stat.craftingTableInteraction":26,"stat.mineBlock.gregtech.ore_copper_0":1,"stat.mineBlock.gregtech.machine":3,"stat.drop.minecraft.concrete_powder":44,"stat.useItem.lycanitesmobs.cooked_joust_meat":3,"stat.pickup.scp.foundationceiling":4,"stat.pickup.minecraft.feather":3,"stat.killEntity.techguns.ZombieMiner":3,"stat.mineBlock.techguns.bunkerdoor":2,"stat.drop.minecraft.concrete":6,"stat.mineBlock.biomesoplenty.plant_1":3,"stat.mineBlock.biomesoplenty.plant_0":2,"stat.drop.gregtech.meta_item_1":26,"stat.pickup.minecraft.dye":23,"stat.pickup.biomesoplenty.plant_1":3,"stat.craftItem.techguns.simplemachine":1,"stat.pickup.minecraft.wheat_seeds":4,"stat.useItem.techguns.concrete":141,"stat.pickup.scp.card_reader":1,"stat.mineBlock.minecraft.gravel":25,"stat.mineBlock.minecraft.glass":2,"stat.useItem.scp.sublevelwall":2,"djinn.kill":2,"stat.useItem.scp.foundationofficebottom":3,"stat.mineBlock.minecraft.dirt":45,"stat.pickup.primal.cauldron":1,"stat.drop.minecraft.stick":4,"stat.useItem.minecraft.iron_bars":13,"stat.mineBlock.scp.foundationceiling":2,"stat.pickup.minecraft.brewing_stand":1,"stat.useItem.minecraft.bread":8,"stat.pickup.minecraft.iron_nugget":9,"stat.craftItem.minecraft.crafting_table":1,"cryptkeeper.learn":1,"stat.useItem.gregtech.log":5,"stat.craftItem.primal.cauldron_ladle_bone":1,"stat.pickup.scp.chamber_block":5,"stat.useItem.techguns.item_bunkerdoor":1,"stat.craftItem.techguns.concrete":32,"stat.craftItem.ic2.plate":4,"stat.pickup.minecraft.apple":4,"stat.drop.minecraft.melon_seeds":5,"stat.pickup.gregtech.log":115,"joustalpha.learn":2,"stat.craftItem.minecraft.planks":14,"stat.pickup.minecraft.book":120,"stat.sneakTime":2947,"stat.mineBlock.minecraft.cobblestone_wall":38,"stat.pickup.minecraft.stone_slab":2,"stat.pickup.minecraft.bone":6,"stat.craftItem.primal.cauldron":1,"stat.drop.techguns.t1_miner_helmet":1,"stat.pickup.minecraft.flint":7,"stat.mineBlock.minecraft.concrete":42,"stat.drop.minecraft.iron_nugget":13,"stat.mineBlock.minecraft.stained_glass_pane":27,"stat.craftItem.primal.flint_saw":1,"stat.mineBlock.scp.foundationexteriortop":4,"stat.useItem.scp.foundationofficetop":4,"stat.swimOneCm":17397,"stat.useItem.techguns.lamp0":6,"stat.useItem.minecraft.concrete_powder":156,"stat.climbOneCm":17857,"stat.pickup.scp.foundationofficebottom":6,"stat.useItem.minecraft.dirt":6,"stat.useItem.minecraft.stone_slab2":71,"stat.pickup.minecraft.bow":1,"stat.pickup.thermalfoundation.ore":1,"stat.pickup.minecraft.enchanting_table":1,"stat.pickup.minecraft.cobblestone":37,"stat.useItem.minecraft.brick_block":5,"stat.flyOneCm":405632,"stat.mineBlock.gregtech.ore_tetrahedrite_0":1,"stat.drop.minecraft.wheat_seeds":2,"stat.pickup.minecraft.redstone":1,"stat.timeSinceDeath":13793,"stat.drop.techguns.item_bunkerdoor":1,"stat.pickup.minecraft.dark_oak_door":3,"stat.mineBlock.thermalfoundation.ore":1,"stat.pickup.minecraft.stonebrick":1,"stat.mineBlock.minecraft.enchanting_table":1,"stat.craftItem.minecraft.concrete_powder":152,"stat.drop.minecraft.dirt":28,"stat.pickup.minecraft.iron_shovel":1,"stat.pickup.lycanitesmobs.whirlwindcharge":4,"stat.pickup.minecraft.carpet":1,"stat.pickup.minecraft.string":4,"stat.pickup.primal.rock_stone":1,"stat.entityKilledBy.Skeleton":5,"stat.mineBlock.scp.foundationofficetop":9,"stat.drop.scp.foundationceiling":2,"stat.sprintOneCm":103484,"stat.mineBlock.minecraft.stone_slab":4,"stat.craftItem.minecraft.stick":2,"stat.mineBlock.biomesoplenty.grass":2,"stat.useItem.minecraft.stone_slab":1,"stat.pickup.gregtech.metal_casing":23,"stat.mineBlock.gregtech.sapling":1,"stat.mineBlock.minecraft.crafting_table":1,"stat.mineBlock.minecraft.quartz_block":10,"stat.useItem.minecraft.diamond_pickaxe":327,"stat.mineBlock.gregtech.mineral":85,"stat.drop":33,"stat.craftItem.minecraft.diamond_pickaxe":1,"stat.killEntity.Zombie":6,"stat.pickup.minecraft.snowball":9,"stat.craftItem.minecraft.dye":39,"stat.craftItem.techguns.metalpanel":64,"stat.drop.minecraft.bread":6,"stat.diveOneCm":1284,"stat.pickup.minecraft.wheat":2,"stat.mineBlock.gregtech.metal_casing":23,"stat.pickup.minecraft.gravel":15,"stat.useItem.minecraft.apple":4,"stat.drop.hardcorequesting.quest_book":1,"stat.useItem.minecraft.rotten_flesh":4,"stat.jump":1784,"stat.craftItem.ic2.forge_hammer":1,"stat.pickup.minecraft.coal":23,"stat.useItem.scp.chamber_block":4,"stat.pickup.minecraft.gunpowder":6,"stat.pickup.minecraft.dirt":50,"stat.mineBlock.minecraft.iron_bars":16,"stat.pickup.primal.plant_fiber":27,"stat.mineBlock.minecraft.glass_pane":19,"stat.damageTaken":4584,"stat.pickup.gregtech.mineral":87,"stat.pickup.primal.flint_knapp":15,"stat.useItem.gregtech.meta_tool":161,"stat.drop.scp.foundationofficetop":3,"stat.pickup.gregtech.sapling":8,"stat.pickup.techguns.concrete":164,"stat.cauldronUsed":1,"stat.pickup.techguns.metalpanel":106,"stat.pickup.minecraft.concrete":48,"stat.pickup.hardcorequesting.quest_book":1,"stat.pickup.minecraft.quartz_block":10,"stat.mineBlock.techguns.lamp0":3,"stat.pickup.scp.foundationwallc":1,"stat.pickup.scp.foundationofficetop":9,"stat.pickup.scp.foundationwallg":1,"stat.damageDealt":3316,"stat.useItem.gregtech.granite":15,"stat.pickup.techguns.itemshared":4,"stat.walkOneCm":665224,"stat.pickup.minecraft.stick":29,"stat.useItem.minecraft.lava_bucket":1,"stat.mineBlock.scp.foundationofficebottom":6,"stat.mineBlock.scp.foundationwallg":1,"stat.mineBlock.scp.foundationwallc":1,"stat.useItem.minecraft.stained_hardened_clay":10,"stat.pickup.minecraft.chorus_fruit":3,"stat.useItem.minecraft.concrete":13,"stat.killEntity.Skeleton":4,"stat.mineBlock.minecraft.stonebrick":2,"stat.useItem.primal.flint_pickaxe":4,"stat.killEntity.Spider":2,"stat.pickup.minecraft.bread":13,"stat.pickup.minecraft.concrete_powder":51,"stat.mobKills":22,"stat.mineBlock.minecraft.bookshelf":40,"stat.mineBlock.biomesoplenty.dried_sand":1,"stat.pickup.scp.foundationexteriortop":4,"stat.craftItem.minecraft.lead":2,"stat.useItem.minecraft.cobblestone_wall":22,"stat.mineBlock.minecraft.leaves":1,"stat.useItem.techguns.metalpanel":153,"stat.mineBlock.minecraft.stone":37,"stat.drop.gregtech.mineral":1}