{"stat.chestOpened":40,"stat.craftItem.primal.worktable_slab":1,"stat.pickup.primal.salt_dust_netjry":51,"stat.pickup.minecraft.bone":8,"stat.pickup.minecraft.gravel":81,"stat.leaveGame":1,"stat.pickup.minecraft.arrow":2,"stat.pickup.minecraft.stone_pickaxe":1,"stat.pickup.minecraft.flint":8,"stat.entityKilledBy.techguns.ZombieMiner":2,"stat.useItem.minecraft.apple":3,"stat.useItem.minecraft.potion":1,"geist.kill":2,"stat.jump":587,"stat.swimOneCm":3199,"stat.pickup.primal.flint_pickaxe":1,"stat.pickup.minecraft.coal":15,"stat.fallOneCm":10996,"stat.pickup.minecraft.iron_ingot":3,"stat.climbOneCm":6565,"stat.useItem.minecraft.stone_axe":20,"stat.pickup.minecraft.gunpowder":4,"stat.crouchOneCm":1291,"stat.pickup.minecraft.spider_eye":1,"stat.craftItem.minecraft.iron_ingot":2,"stat.useItem.minecraft.stone_slab2":6,"stat.pickup.minecraft.iron_ore":4,"stat.craftingTableInteraction":2,"stat.pickup.minecraft.rotten_flesh":9,"stat.pickup.thermalfoundation.ore":1,"stat.entityKilledBy.techguns.SkeletonSoldier":1,"stat.craftItem.minecraft.stone_axe":1,"stat.damageTaken":3757,"stat.mineBlock.geolosys.ore_sample":7,"stat.pickup.geolosys.cluster":8,"stat.pickup.minecraft.cobblestone_wall":2,"stat.pickup.minecraft.bucket":1,"stat.killEntity.techguns.ZombieMiner":14,"stat.pickup.gregtech.ore_rock_salt_0":4,"stat.pickup.minecraft.cobblestone":15,"stat.mineBlock.biomesoplenty.plant_0":11,"stat.useItem.gregtech.meta_tool":63,"xaphan.learn":2,"stat.pickup.gregtech.sapling":1,"stat.flyOneCm":87166,"stat.pickup.minecraft.glass_bottle":3,"stat.pickup.minecraft.wheat_seeds":2,"herma.learn":1,"stat.pickup.minecraft.potato":1,"stat.pickup.minecraft.fish":5,"stat.entityKilledBy.Zombie":2,"stat.mineBlock.minecraft.gravel":46,"stat.useItem.minecraft.stone_pickaxe":81,"stat.killEntity.techguns.ZombieFarmer":5,"stat.damageDealt":7259,"stat.mineBlock.gregtech.ore_lepidolite_0":7,"stat.mineBlock.openblocks.grave":1,"stat.pickup.minecraft.redstone":12,"stat.timeSinceDeath":3849,"stat.pickup.gregtech.ore_spodumene_0":2,"stat.useItem.minecraft.iron_pickaxe":20,"stat.pickup.minecraft.stained_hardened_clay":19,"stat.drop.biomesoplenty.dried_sand":2,"geonach.kill":4,"stat.pickup.techguns.itemshared":5,"stat.pickup.lycanitesmobs.raw_joust_meat":1,"stat.mineBlock.primal.salt_netjry_block":14,"stat.walkOneCm":506163,"stat.pickup.gregtech.meta_tool":4,"stat.useItem.minecraft.bread":2,"stat.mineBlock.gregtech.ore_rock_salt_0":13,"stat.pickup.minecraft.stick":10,"joustalpha.kill":2,"stat.mineBlock.gregtech.ore_salt_0":17,"geonach.learn":2,"stat.pickup.thermalfoundation.material":1,"stat.pickup.techguns.t1_miner_boots":2,"stat.mineBlock.thermalfoundation.ore":1,"stat.pickup.minecraft.stonebrick":1,"stat.furnaceInteraction":6,"stat.mineBlock.gregtech.leaves":16,"xaphan.kill":3,"stat.pickup.lycanitesmobs.xaphanspine":1,"stat.mineBlock.gregtech.ore_spodumene_0":2,"stat.pickup.minecraft.iron_pickaxe":1,"joust.learn":1,"stat.entityKilledBy.Skeleton":2,"stat.craftItem.minecraft.stone_slab2":0,"stat.pickup.minecraft.stone":6,"stat.drop.minecraft.potato":1,"stat.pickup.minecraft.ender_pearl":2,"stat.sprintOneCm":58310,"stat.pickup.minecraft.apple":3,"stat.killEntity.Skeleton":2,"stat.pickup.gregtech.meta_item_1":363,"joustalpha.learn":1,"stat.mineBlock.minecraft.stonebrick":1,"stat.useItem.primal.flint_pickaxe":151,"stat.pickup.minecraft.potion":3,"stat.pickup.techguns.t1_miner_leggings":2,"stat.pickup.minecraft.bread":8,"stat.mineBlock.primal.cinis_block":10,"stat.mobKills":36,"stat.pickup.minecraft.quartz":13,"stat.pickup.primal.cinis_clump":37,"stat.mineBlock.biomesoplenty.dried_sand":6,"stat.pickup.biomesoplenty.dried_sand":2,"stat.mineBlock.geolosys.ore_sample_vanilla":12,"stat.deaths":13,"stat.pickup.lycanitesmobs.geistliver":7,"stat.drop":4,"stat.mineBlock.minecraft.leaves":3,"stat.playOneMinute":61738,"geist.learn":1,"joust.kill":1,"stat.pickup.techguns.t1_miner_helmet":2,"stat.sneakTime":779,"stat.pickup.minecraft.slime_ball":7,"stat.mineBlock.minecraft.cobblestone_wall":2,"stat.pickup.lycanitesmobs.acidsplashcharge":11,"stat.drop.minecraft.bucket":1,"stat.pickup.minecraft.item_frame":2,"stat.killEntity.Zombie":3,"stat.useItem.lycanitesmobs.raw_joust_meat":1,"stat.pickup.minecraft.stone_slab":2,"stat.mineBlock.minecraft.stone":15,"stat.diveOneCm":3418,"stat.craftItem.primal.plant_cordage":1,"stat.pickup.minecraft.wheat":3}